Player,Points
StarDragon4,40.88
LethalPilot,32.18625
mrjad333,25.82142857
IceKing12323,22.51666667
AllieThaDon,20.568
SuperToad916,18.675
odsstel,18.04285714
NautilusReign,17.6
Hunter13004,15.72
SerRonanIrwin,14.23333333
LightningLucario,14.062
Dispuesto,13.565
KirynMissy,13.12285714
Abach6,12.68857143
Labmonjo1210,10.78
humilau,9.65125