Player,Points
LethalPilot,249.9066667
IceKing12323,212.5718367
mrjad333,186.095
Hunter13004,175.64
odsstel,174.802449
humilau,172.0415873
TheUW,169.2
macrocosms,167.4
KirynMissy,159.9164286
Star_Dragon4,142.35
Labmonjo1210,141.1467857
AllieThaDon,138.1666667
SuperToad916,136.375
Menderlovemybug,132.3
Dispuesto,131.6548571
14ham,129.9
