Player,Points
LethalPilot,249.9066667
IceKing12323,212.5718367
mrjad333,186.095
Hunter13004,175.64
odsstel,174.802449
humilau,172.0415873
KirynMissy,159.9164286
Labmonjo1210,141.1467857
AllieThaDon,138.1666667
SuperToad916,136.375
Dispuesto,131.6548571
Abach6,124.375
LightningLucario,121.32
SerRonanIrwin,119.2106122
NautilusReign,115.8171429
stealthguy11,67.35